Serial no.;Extraction sample ID;Date;Barcode no.;i5(Fwd.);i7 (Rev.);i5;i7;concentration after AMPure (ng DNA/µl);total (in 35 µl);µl for 25 ng;;Added vol;;;;;;;;;;;;;;;;;;;;;;;;;;;;;;;;;;;;;;;;;;;;;;;;;;;;;;;;;;;;;;;;;;;;;;;;;;;;
1;Gi15Fb12 (Kivu);;37;AGAGTAGA;TAAGGCGA;N504;N701;2.978781707;104.2573597;8.392692873;;8.4;;;;;;;;;;;;;;;;;;;;;;;;;;;;;;;;;;;;;;;;;;;;;;;;;;;;;;;;;;;;;;;;;;;;;;;;;;;;
2;Gi25Fb12;;38;AGAGTAGA;CGTACTAG;N504;N702;6.667852732;233.3748456;3.749332957;;3.7;;;;;;;;;;;;;;;;;;;;;;;;;;;;;;;;;;;;;;;;;;;;;;;;;;;;;;;;;;;;;;;;;;;;;;;;;;;;
3;Gi27.5Fb12;;39;AGAGTAGA;AGGCAGAA;N504;N703;2.677766599;93.72183096;9.336138561;;9.3;;;;;;;;;;;;;;;;;;;;;;;;;;;;;;;;;;;;;;;;;;;;;;;;;;;;;;;;;;;;;;;;;;;;;;;;;;;;
4;Gi37.5Fb12;;40;AGAGTAGA;TCCTGAGC;N504;N704;6.362747744;222.6961711;3.929120092;;3.9;;;;;;;;;;;;;;;;;;;;;;;;;;;;;;;;;;;;;;;;;;;;;;;;;;;;;;;;;;;;;;;;;;;;;;;;;;;;
5;Gi40Fb12;;41;AGAGTAGA;GGACTCCT;N504;N705;6.689938079;234.1478328;3.736955365;;3.7;;;;;;;;;;;;;;;;;;;;;;;;;;;;;;;;;;;;;;;;;;;;;;;;;;;;;;;;;;;;;;;;;;;;;;;;;;;;
6;Gi42.5Fb12;;42;AGAGTAGA;TAGGCATG;N504;N706;1.678200126;58.73700441;14.89691224;;14.9;;;;;;;;;;;;;;;;;;;;;;;;;;;;;;;;;;;;;;;;;;;;;;;;;;;;;;;;;;;;;;;;;;;;;;;;;;;;
7;Gi45Fb12;;43;AGAGTAGA;CTCTCTAC;N504;N707;4.129673709;144.5385798;6.053747041;;6.1;;;;;;;;;;;;;;;;;;;;;;;;;;;;;;;;;;;;;;;;;;;;;;;;;;;;;;;;;;;;;;;;;;;;;;;;;;;;
8;Gi50Fb12;;44;AGAGTAGA;CAGAGAGG;N504;N708;0.25083229;8.779130164;99.66818849;;99.7;;;;;;;;;;;;;;;;;;;;;;;;;;;;;;;;;;;;;;;;;;;;;;;;;;;;;;;;;;;;;;;;;;;;;;;;;;;;
9;Gi55Fb12;;45;AGAGTAGA;GCTACGCT;N504;N709;5.304287011;185.6500454;4.713168791;;4.7;;;;;;;;;;;;;;;;;;;;;;;;;;;;;;;;;;;;;;;;;;;;;;;;;;;;;;;;;;;;;;;;;;;;;;;;;;;;
10;Gi60Fb12;;46;AGAGTAGA;CGAGGCTG;N504;N710;4.934561933;172.7096677;5.066305852;;5.1;;;;;;;;;;;;;;;;;;;;;;;;;;;;;;;;;;;;;;;;;;;;;;;;;;;;;;;;;;;;;;;;;;;;;;;;;;;;
11;Gi70Fb12;;47;AGAGTAGA;AAGAGGCA;N504;N711;3.292884428;115.250955;7.592127979;;7.6;;;;;;;;;;;;;;;;;;;;;;;;;;;;;;;;;;;;;;;;;;;;;;;;;;;;;;;;;;;;;;;;;;;;;;;;;;;;
12;Gi82.5Fb12;;48;AGAGTAGA;GTAGAGGA;N504;N712;4.232738665;148.1458533;5.906341492;;5.9;;;;;;;;;;;;;;;;;;;;;;;;;;;;;;;;;;;;;;;;;;;;;;;;;;;;;;;;;;;;;;;;;;;;;;;;;;;;
13;Is10Fb12;;13;CTCTCTAT;TAAGGCGA;N502;N701;5.31246677;185.9363369;4.705911789;;4.7;;;;;;;;;;;;;;;;;;;;;;;;;;;;;;;;;;;;;;;;;;;;;;;;;;;;;;;;;;;;;;;;;;;;;;;;;;;;
14;Is20Fb12;;14;CTCTCTAT;CGTACTAG;N502;N702;2.030747712;71.07616991;12.31073651;;12.3;;;;;;;;;;;;;;;;;;;;;;;;;;;;;;;;;;;;;;;;;;;;;;;;;;;;;;;;;;;;;;;;;;;;;;;;;;;;
15;Is25Fb12;;15;CTCTCTAT;AGGCAGAA;N502;N703;3.513737904;122.9808266;7.11493022;;7.1;;;;;;;;;;;;;;;;;;;;;;;;;;;;;;;;;;;;;;;;;;;;;;;;;;;;;;;;;;;;;;;;;;;;;;;;;;;;
16;Is30FB12;;16;CTCTCTAT;TCCTGAGC;N502;N704;3.629890473;127.0461666;6.887260149;;6.9;;;;;;;;;;;;;;;;;;;;;;;;;;;;;;;;;;;;;;;;;;;;;;;;;;;;;;;;;;;;;;;;;;;;;;;;;;;;
17;Is35Fb12;;17;CTCTCTAT;GGACTCCT;N502;N705;4.337439572;151.810385;5.763769059;;5.8;;;;;;;;;;;;;;;;;;;;;;;;;;;;;;;;;;;;;;;;;;;;;;;;;;;;;;;;;;;;;;;;;;;;;;;;;;;;
18;Is40Fb12;;18;CTCTCTAT;TAGGCATG;N502;N706;4.342347427;151.9821599;5.757254669;;5.8;;;;;;;;;;;;;;;;;;;;;;;;;;;;;;;;;;;;;;;;;;;;;;;;;;;;;;;;;;;;;;;;;;;;;;;;;;;;
19;Is45Fb12;;19;CTCTCTAT;CTCTCTAC;N502;N707;4.834768881;169.2169108;5.170877991;;5.2;;;;;;;;;;;;;;;;;;;;;;;;;;;;;;;;;;;;;;;;;;;;;;;;;;;;;;;;;;;;;;;;;;;;;;;;;;;;
20;Is50Fb12;;20;CTCTCTAT;CAGAGAGG;N502;N708;4.250734133;148.7756947;5.881337015;;5.9;;;;;;;;;;;;;;;;;;;;;;;;;;;;;;;;;;;;;;;;;;;;;;;;;;;;;;;;;;;;;;;;;;;;;;;;;;;;
21;Is55Fb12;;21;CTCTCTAT;GCTACGCT;N502;N709;5.267478099;184.3617335;4.746104214;;4.7;;;;;;;;;;;;;;;;;;;;;;;;;;;;;;;;;;;;;;;;;;;;;;;;;;;;;;;;;;;;;;;;;;;;;;;;;;;;
22;Is60Fb12;;22;CTCTCTAT;CGAGGCTG;N502;N710;4.622095163;161.7733307;5.408802527;;5.4;;;;;;;;;;;;;;;;;;;;;;;;;;;;;;;;;;;;;;;;;;;;;;;;;;;;;;;;;;;;;;;;;;;;;;;;;;;;
23;Is65Fb12;;23;CTCTCTAT;AAGAGGCA;N502;N711;3.727229598;130.4530359;6.707394687;;6.7;;;;;;;;;;;;;;;;;;;;;;;;;;;;;;;;;;;;;;;;;;;;;;;;;;;;;;;;;;;;;;;;;;;;;;;;;;;;
24;Is70Fb12;;24;CTCTCTAT;GTAGAGGA;N502;N712;2.252419164;78.83467072;11.09917746;;11.1;;;;;;;;;;;;;;;;;;;;;;;;;;;;;;;;;;;;;;;;;;;;;;;;;;;;;;;;;;;;;;;;;;;;;;;;;;;;
25;Is80Fb12;;25;TATCCTCT;TAAGGCGA;N503;N701;1.519512814;53.18294848;16.45264178;;16.5;;;;;;;;;;;;;;;;;;;;;;;;;;;;;;;;;;;;;;;;;;;;;;;;;;;;;;;;;;;;;;;;;;;;;;;;;;;;
26;RL1Am (ICE);;26;TATCCTCT;CGTACTAG;N503;N702;2.792358392;97.73254371;8.953005486;;9.0;;;;;;;;;;;;;;;;;;;;;;;;;;;;;;;;;;;;;;;;;;;;;;;;;;;;;;;;;;;;;;;;;;;;;;;;;;;;
27;RL2Bm;;27;TATCCTCT;AGGCAGAA;N503;N703;6.969677357;243.9387075;3.586966616;;3.6;;;;;;;;;;;;;;;;;;;;;;;;;;;;;;;;;;;;;;;;;;;;;;;;;;;;;;;;;;;;;;;;;;;;;;;;;;;;
28;RL3Bm;;28;TATCCTCT;TCCTGAGC;N503;N704;7.853143911;274.8600369;3.183438414;;3.2;;;;;;;;;;;;;;;;;;;;;;;;;;;;;;;;;;;;;;;;;;;;;;;;;;;;;;;;;;;;;;;;;;;;;;;;;;;;
29;RL4Am;;29;TATCCTCT;GGACTCCT;N503;N705;11.91450115;417.0075402;2.098283402;;2.1;;;;;;;;;;;;;;;;;;;;;;;;;;;;;;;;;;;;;;;;;;;;;;;;;;;;;;;;;;;;;;;;;;;;;;;;;;;;
30;RL5Bm;;30;TATCCTCT;TAGGCATG;N503;N706;9.444786037;330.5675113;2.646963086;;2.6;;;;;;;;;;;;;;;;;;;;;;;;;;;;;;;;;;;;;;;;;;;;;;;;;;;;;;;;;;;;;;;;;;;;;;;;;;;;
31;RL6Bm;;31;TATCCTCT;CTCTCTAC;N503;N707;16.65275126;582.8462941;1.501253433;;1.5;;;;;;;;;;;;;;;;;;;;;;;;;;;;;;;;;;;;;;;;;;;;;;;;;;;;;;;;;;;;;;;;;;;;;;;;;;;;
32;RL7Bm;;32;TATCCTCT;CAGAGAGG;N503;N708;16.16840879;565.8943076;1.546225131;;1.5;;;;;;;;;;;;;;;;;;;;;;;;;;;;;;;;;;;;;;;;;;;;;;;;;;;;;;;;;;;;;;;;;;;;;;;;;;;;
33;RL8Bm;;33;TATCCTCT;GCTACGCT;N503;N709;4.832745434;169.1460902;5.173043012;;5.2;;;;;;;;;;;;;;;;;;;;;;;;;;;;;;;;;;;;;;;;;;;;;;;;;;;;;;;;;;;;;;;;;;;;;;;;;;;;
34;BT1Am;;34;TATCCTCT;CGAGGCTG;N503;N710;28.76832465;1006.891363;0.869011328;;0.9;;;;;;;;;;;;;;;;;;;;;;;;;;;;;;;;;;;;;;;;;;;;;;;;;;;;;;;;;;;;;;;;;;;;;;;;;;;;
35;BT2Am;;35;TATCCTCT;AAGAGGCA;N503;N711;11.04128237;386.4448831;2.264229747;;2.3;;;;;;;;;;;;;;;;;;;;;;;;;;;;;;;;;;;;;;;;;;;;;;;;;;;;;;;;;;;;;;;;;;;;;;;;;;;;
36;BT3Bm;;36;TATCCTCT;GTAGAGGA;N503;N712;30.48186143;1066.86515;0.820159886;;0.8;;;;;;;;;;;;;;;;;;;;;;;;;;;;;;;;;;;;;;;;;;;;;;;;;;;;;;;;;;;;;;;;;;;;;;;;;;;;
37;BT4Am;;1;TAGATCGC;TAAGGCGA;N501;N701;9.773793728;342.0827805;2.557860407;;2.6;;;;;;;;;;;;;;;;;;;;;;;;;;;;;;;;;;;;;;;;;;;;;;;;;;;;;;;;;;;;;;;;;;;;;;;;;;;;
38;BT5Am;;2;TAGATCGC;CGTACTAG;N501;N702;11.20794365;392.2780277;2.230560822;;2.2;;;;;;;;;;;;;;;;;;;;;;;;;;;;;;;;;;;;;;;;;;;;;;;;;;;;;;;;;;;;;;;;;;;;;;;;;;;;
39;BT6Am;;3;TAGATCGC;AGGCAGAA;N501;N703;11.71386039;409.9851138;2.134223831;;2.1;;;;;;;;;;;;;;;;;;;;;;;;;;;;;;;;;;;;;;;;;;;;;;;;;;;;;;;;;;;;;;;;;;;;;;;;;;;;
40;BT7Bm;;4;TAGATCGC;TCCTGAGC;N501;N704;6.051152606;211.7903412;4.13144431;;4.1;;;;;;;;;;;;;;;;;;;;;;;;;;;;;;;;;;;;;;;;;;;;;;;;;;;;;;;;;;;;;;;;;;;;;;;;;;;;
41;BT8Am;;5;TAGATCGC;GGACTCCT;N501;N705;7.883887253;275.9360538;3.171024546;;3.2;;;;;;;;;;;;;;;;;;;;;;;;;;;;;;;;;;;;;;;;;;;;;;;;;;;;;;;;;;;;;;;;;;;;;;;;;;;;
42;LB1Bm;;6;TAGATCGC;TAGGCATG;N501;N706;11.49056665;402.1698327;2.17569775;;2.2;;;;;;;;;;;;;;;;;;;;;;;;;;;;;;;;;;;;;;;;;;;;;;;;;;;;;;;;;;;;;;;;;;;;;;;;;;;;
43;LB2Am;;7;TAGATCGC;CTCTCTAC;N501;N707;4.532863014;158.6502055;5.515278075;;5.5;;;;;;;;;;;;;;;;;;;;;;;;;;;;;;;;;;;;;;;;;;;;;;;;;;;;;;;;;;;;;;;;;;;;;;;;;;;;
44;LB3Am;;8;TAGATCGC;CAGAGAGG;N501;N708;12.05473394;421.9156877;2.073874059;;2.1;;;;;;;;;;;;;;;;;;;;;;;;;;;;;;;;;;;;;;;;;;;;;;;;;;;;;;;;;;;;;;;;;;;;;;;;;;;;
45;LB4Am;;9;TAGATCGC;GCTACGCT;N501;N709;1.640292116;57.41022405;15.24118769;;15.2;;;;;;;;;;;;;;;;;;;;;;;;;;;;;;;;;;;;;;;;;;;;;;;;;;;;;;;;;;;;;;;;;;;;;;;;;;;;
46;LB5Am;;10;TAGATCGC;CGAGGCTG;N501;N710;4.953561373;173.3746481;5.046873979;;5.0;;;;;;;;;;;;;;;;;;;;;;;;;;;;;;;;;;;;;;;;;;;;;;;;;;;;;;;;;;;;;;;;;;;;;;;;;;;;
47;LB6Am;;11;TAGATCGC;AAGAGGCA;N501;N711;3.348435326;117.1952364;7.46617377;;7.5;;;;;;;;;;;;;;;;;;;;;;;;;;;;;;;;;;;;;;;;;;;;;;;;;;;;;;;;;;;;;;;;;;;;;;;;;;;;
48;LB7Am;;12;TAGATCGC;GTAGAGGA;N501;N712;2.260552517;79.1193381;11.05924318;;11.1;;;;;;;;;;;;;;;;;;;;;;;;;;;;;;;;;;;;;;;;;;;;;;;;;;;;;;;;;;;;;;;;;;;;;;;;;;;;
49;LB8Am;;49;GTAAGGAG;TAAGGCGA;N505;N701;7.30353926;255.6238741;3.422997962;;3.4;;;;;;;;;;;;;;;;;;;;;;;;;;;;;;;;;;;;;;;;;;;;;;;;;;;;;;;;;;;;;;;;;;;;;;;;;;;;
50;KT1Bm;;50;GTAAGGAG;CGTACTAG;N505;N702;1.723353074;60.31735758;14.50660366;;14.5;;;;;;;;;;;;;;;;;;;;;;;;;;;;;;;;;;;;;;;;;;;;;;;;;;;;;;;;;;;;;;;;;;;;;;;;;;;;
51;KT2Bm;;51;GTAAGGAG;AGGCAGAA;N505;N703;2.183424485;76.41985696;11.44990366;;11.4;;;;;;;;;;;;;;;;;;;;;;;;;;;;;;;;;;;;;;;;;;;;;;;;;;;;;;;;;;;;;;;;;;;;;;;;;;;;
52;KT3Am;;52;GTAAGGAG;TCCTGAGC;N505;N704;2.862474785;100.1866175;8.733701387;;8.7;;;;;;;;;;;;;;;;;;;;;;;;;;;;;;;;;;;;;;;;;;;;;;;;;;;;;;;;;;;;;;;;;;;;;;;;;;;;
53;KT4Am;;53;GTAAGGAG;GGACTCCT;N505;N705;6.149315556;215.2260445;4.065493106;;4.1;;;;;;;;;;;;;;;;;;;;;;;;;;;;;;;;;;;;;;;;;;;;;;;;;;;;;;;;;;;;;;;;;;;;;;;;;;;;
54;KT5Bm;;54;GTAAGGAG;TAGGCATG;N505;N706;11.45389038;400.8861633;2.182664507;;2.2;;;;;;;;;;;;;;;;;;;;;;;;;;;;;;;;;;;;;;;;;;;;;;;;;;;;;;;;;;;;;;;;;;;;;;;;;;;;
55;KT6Bm;;55;GTAAGGAG;CTCTCTAC;N505;N707;4.542032081;158.9711228;5.504144302;;5.5;;;;;;;;;;;;;;;;;;;;;;;;;;;;;;;;;;;;;;;;;;;;;;;;;;;;;;;;;;;;;;;;;;;;;;;;;;;;
56;KT7Bm;;56;GTAAGGAG;CAGAGAGG;N505;N708;4.059847038;142.0946463;6.157867467;;6.2;;;;;;;;;;;;;;;;;;;;;;;;;;;;;;;;;;;;;;;;;;;;;;;;;;;;;;;;;;;;;;;;;;;;;;;;;;;;
57;KT8Bm;;57;GTAAGGAG;GCTACGCT;N505;N709;3.719512853;130.1829499;6.721310287;;6.7;;;;;;;;;;;;;;;;;;;;;;;;;;;;;;;;;;;;;;;;;;;;;;;;;;;;;;;;;;;;;;;;;;;;;;;;;;;;
58;GS1Am;;58;GTAAGGAG;CGAGGCTG;N505;N710;0.67521836;23.6326426;37.02505956;;0.7;;;;;;;;;;;;;;;;;;;;;;;;;;;;;;;;;;;;;;;;;;;;;;;;;;;;;;;;;;;;;;;;;;;;;;;;;;;;
59;SB1Bm;;59;GTAAGGAG;AAGAGGCA;N505;N711;1.046460201;36.62610703;23.89006288;;23.9;;;;;;;;;;;;;;;;;;;;;;;;;;;;;;;;;;;;;;;;;;;;;;;;;;;;;;;;;;;;;;;;;;;;;;;;;;;;
60;SB2Am;;60;GTAAGGAG;GTAGAGGA;N505;N712;2.932051821;102.6218137;8.526452301;;8.5;;;;;;;;;;;;;;;;;;;;;;;;;;;;;;;;;;;;;;;;;;;;;;;;;;;;;;;;;;;;;;;;;;;;;;;;;;;;
61;SB3Bm;;61;ACTGCATA;TAAGGCGA;N506;N701;0.639245763;22.37360172;39.10858927;;39.1;;;;;;;;;;;;;;;;;;;;;;;;;;;;;;;;;;;;;;;;;;;;;;;;;;;;;;;;;;;;;;;;;;;;;;;;;;;;
62;SB4Bm;;62;ACTGCATA;CGTACTAG;N506;N702;1.696416868;59.37459039;14.73694377;;1.7;;;;;;;;;;;;;;;;;;;;;;;;;;;;;;;;;;;;;;;;;;;;;;;;;;;;;;;;;;;;;;;;;;;;;;;;;;;;
63;SB5Am;;63;ACTGCATA;AGGCAGAA;N506;N703;1.846865797;64.6403029;13.53644647;;13.5;;;;;;;;;;;;;;;;;;;;;;;;;;;;;;;;;;;;;;;;;;;;;;;;;;;;;;;;;;;;;;;;;;;;;;;;;;;;
64;SB6Am;;64;ACTGCATA;TCCTGAGC;N506;N704;2.469167431;86.42086009;10.1248703;;2.5;;;;;;;;;;;;;;;;;;;;;;;;;;;;;;;;;;;;;;;;;;;;;;;;;;;;;;;;;;;;;;;;;;;;;;;;;;;;
65;SB7Am  (ICE);;65;ACTGCATA;GGACTCCT;N506;N705;1.662405747;58.18420116;15.03844656;;15.0;;;;;;;;;;;;;;;;;;;;;;;;;;;;;;;;;;;;;;;;;;;;;;;;;;;;;;;;;;;;;;;;;;;;;;;;;;;;
66;31 (Mekkojarvi);;66;ACTGCATA;TAGGCATG;N506;N706;5.665629452;198.2970308;4.412572374;;4.4;;;;;;;;;;;;;;;;;;;;;;;;;;;;;;;;;;;;;;;;;;;;;;;;;;;;;;;;;;;;;;;;;;;;;;;;;;;;
67;46;;67;ACTGCATA;CTCTCTAC;N506;N707;8.678110218;303.7338576;2.880811533;;2.9;;;;;;;;;;;;;;;;;;;;;;;;;;;;;;;;;;;;;;;;;;;;;;;;;;;;;;;;;;;;;;;;;;;;;;;;;;;;
68;Course;;68;ACTGCATA;CAGAGAGG;N506;N708;5.370219261;187.9576741;4.655303403;;4.7;;;;;;;;;;;;;;;;;;;;;;;;;;;;;;;;;;;;;;;;;;;;;;;;;;;;;;;;;;;;;;;;;;;;;;;;;;;;
69;41;;69;ACTGCATA;GCTACGCT;N506;N709;9.558032712;334.5311449;2.615601008;;2.6;;;;;;;;;;;;;;;;;;;;;;;;;;;;;;;;;;;;;;;;;;;;;;;;;;;;;;;;;;;;;;;;;;;;;;;;;;;;
70;15;;70;ACTGCATA;CGAGGCTG;N506;N710;10.03674702;351.2861458;2.490846879;;2.5;;;;;;;;;;;;;;;;;;;;;;;;;;;;;;;;;;;;;;;;;;;;;;;;;;;;;;;;;;;;;;;;;;;;;;;;;;;;
71;26;;71;ACTGCATA;AAGAGGCA;N506;N711;12.30608081;430.7128284;2.031515995;;2.0;;;;;;;;;;;;;;;;;;;;;;;;;;;;;;;;;;;;;;;;;;;;;;;;;;;;;;;;;;;;;;;;;;;;;;;;;;;;
72;20;;72;ACTGCATA;GTAGAGGA;N506;N712;13.64477119;477.5669915;1.832203681;;1.8;;;;;;;;;;;;;;;;;;;;;;;;;;;;;;;;;;;;;;;;;;;;;;;;;;;;;;;;;;;;;;;;;;;;;;;;;;;;
73;25;;73;AAGGAGTA;TAAGGCGA;N507;N701;14.14628142;495.1198495;1.767248881;;1.8;;;;;;;;;;;;;;;;;;;;;;;;;;;;;;;;;;;;;;;;;;;;;;;;;;;;;;;;;;;;;;;;;;;;;;;;;;;;
74;8;;74;AAGGAGTA;CGTACTAG;N507;N702;16.93536217;592.737676;1.476201084;;1.5;;;;;;;;;;;;;;;;;;;;;;;;;;;;;;;;;;;;;;;;;;;;;;;;;;;;;;;;;;;;;;;;;;;;;;;;;;;;
75;44;;75;AAGGAGTA;AGGCAGAA;N507;N703;12.69988032;444.4958112;1.968522487;;2.0;;;;;;;;;;;;;;;;;;;;;;;;;;;;;;;;;;;;;;;;;;;;;;;;;;;;;;;;;;;;;;;;;;;;;;;;;;;;
76;3;;76;AAGGAGTA;TCCTGAGC;N507;N704;14.68483501;513.9692255;1.70243656;;1.7;;;;;;;;;;;;;;;;;;;;;;;;;;;;;;;;;;;;;;;;;;;;;;;;;;;;;;;;;;;;;;;;;;;;;;;;;;;;
77;6;;77;AAGGAGTA;GGACTCCT;N507;N705;12.13397162;424.6890067;2.060331175;;2.1;;;;;;;;;;;;;;;;;;;;;;;;;;;;;;;;;;;;;;;;;;;;;;;;;;;;;;;;;;;;;;;;;;;;;;;;;;;;
78;1;;78;AAGGAGTA;TAGGCATG;N507;N706;13.28915484;465.1204194;1.881233254;;1.9;;;;;;;;;;;;;;;;;;;;;;;;;;;;;;;;;;;;;;;;;;;;;;;;;;;;;;;;;;;;;;;;;;;;;;;;;;;;
79;30;;79;AAGGAGTA;CTCTCTAC;N507;N707;8.451290819;295.7951787;2.958127999;;3.0;;;;;;;;;;;;;;;;;;;;;;;;;;;;;;;;;;;;;;;;;;;;;;;;;;;;;;;;;;;;;;;;;;;;;;;;;;;;
80;49;;80;AAGGAGTA;CAGAGAGG;N507;N708;12.79391349;447.7869721;1.95405417;;2.0;;;;;;;;;;;;;;;;;;;;;;;;;;;;;;;;;;;;;;;;;;;;;;;;;;;;;;;;;;;;;;;;;;;;;;;;;;;;
81;57;;81;AAGGAGTA;GCTACGCT;N507;N709;12.43601755;435.2606144;2.010289861;;2.0;;;;;;;;;;;;;;;;;;;;;;;;;;;;;;;;;;;;;;;;;;;;;;;;;;;;;;;;;;;;;;;;;;;;;;;;;;;;
82;51;;82;AAGGAGTA;CGAGGCTG;N507;N710;10.99702513;384.8958796;2.273342081;;2.3;;;;;;;;;;;;;;;;;;;;;;;;;;;;;;;;;;;;;;;;;;;;;;;;;;;;;;;;;;;;;;;;;;;;;;;;;;;;
83;59;;83;AAGGAGTA;AAGAGGCA;N507;N711;11.38512566;398.4793982;2.195847524;;2.2;;;;;;;;;;;;;;;;;;;;;;;;;;;;;;;;;;;;;;;;;;;;;;;;;;;;;;;;;;;;;;;;;;;;;;;;;;;;
84;Sari1B (paired with the metagenomes);;84;AAGGAGTA;GTAGAGGA;N507;N712;6.906553576;241.7293752;3.61975039;;3.6;;;;;;;;;;;;;;;;;;;;;;;;;;;;;;;;;;;;;;;;;;;;;;;;;;;;;;;;;;;;;;;;;;;;;;;;;;;;
85;Sair2B;;85;CTAAGCCT;TAAGGCGA;N508;N701;1.896790334;66.3876617;13.18015995;;13.2;;;;;;;;;;;;;;;;;;;;;;;;;;;;;;;;;;;;;;;;;;;;;;;;;;;;;;;;;;;;;;;;;;;;;;;;;;;;
86;Sari3B;;86;CTAAGCCT;CGTACTAG;N508;N702;1.768037588;61.8813156;14.13997087;;14.1;;;;;;;;;;;;;;;;;;;;;;;;;;;;;;;;;;;;;;;;;;;;;;;;;;;;;;;;;;;;;;;;;;;;;;;;;;;;
87;Sari4B;;87;CTAAGCCT;AGGCAGAA;N508;N703;2.165279473;75.78478155;11.54585369;;11.5;;;;;;;;;;;;;;;;;;;;;;;;;;;;;;;;;;;;;;;;;;;;;;;;;;;;;;;;;;;;;;;;;;;;;;;;;;;;
88;Sari5B;;88;CTAAGCCT;TCCTGAGC;N508;N704;3.937917989;137.8271296;6.348532415;;6.3;;;;;;;;;;;;;;;;;;;;;;;;;;;;;;;;;;;;;;;;;;;;;;;;;;;;;;;;;;;;;;;;;;;;;;;;;;;;
89;Sari6B;;89;CTAAGCCT;GGACTCCT;N508;N705;4.545069563;159.0774347;5.500465868;;5.5;;;;;;;;;;;;;;;;;;;;;;;;;;;;;;;;;;;;;;;;;;;;;;;;;;;;;;;;;;;;;;;;;;;;;;;;;;;;
90;Sari7B;;90;CTAAGCCT;TAGGCATG;N508;N706;3.0073590;105.2575665;8.312941568;;8.3;;;;;;;;;;;;;;;;;;;;;;;;;;;;;;;;;;;;;;;;;;;;;;;;;;;;;;;;;;;;;;;;;;;;;;;;;;;;
91;Sari8B;;91;CTAAGCCT;CTCTCTAC;N508;N707;5.228496461;182.9973761;4.781489322;;4.8;;;;;;;;;;;;;;;;;;;;;;;;;;;;;;;;;;;;;;;;;;;;;;;;;;;;;;;;;;;;;;;;;;;;;;;;;;;;
92;Sari9B;;92;CTAAGCCT;CAGAGAGG;N508;N708;4.373602636;153.0760923;5.716111426;;5.7;;;;;;;;;;;;;;;;;;;;;;;;;;;;;;;;;;;;;;;;;;;;;;;;;;;;;;;;;;;;;;;;;;;;;;;;;;;;
93;Sari10B;;93;CTAAGCCT;GCTACGCT;N508;N709;2.906675616;101.7336466;8.600890949;;8.6;;;;;;;;;;;;;;;;;;;;;;;;;;;;;;;;;;;;;;;;;;;;;;;;;;;;;;;;;;;;;;;;;;;;;;;;;;;;
94;Sari11B;;94;CTAAGCCT;CGAGGCTG;N508;N710;2.857249207;100.0037222;8.749674316;;8.7;;;;;;;;;;;;;;;;;;;;;;;;;;;;;;;;;;;;;;;;;;;;;;;;;;;;;;;;;;;;;;;;;;;;;;;;;;;;
95;Sari12B;;95;CTAAGCCT;AAGAGGCA;N508;N711;7.281828167;254.8639858;3.433203782;;3.4;;;;;;;;;;;;;;;;;;;;;;;;;;;;;;;;;;;;;;;;;;;;;;;;;;;;;;;;;;;;;;;;;;;;;;;;;;;;
96;Sari13B;;96;CTAAGCCT;GTAGAGGA;N508;N712;4.167354162;145.8573957;5.999010171;;6.0;;;;;;;;;;;;;;;;;;;;;;;;;;;;;;;;;;;;;;;;;;;;;;;;;;;;;;;;;;;;;;;;;;;;;;;;;;;;
;;;;;;;;;;;;;;;;;;;;;;;;;;;;;;;;;;;;;;;;;;;;;;;;;;;;;;;;;;;;;;;;;;;;;;;;;;;;;;;;;;;;;;;;
;;;;;;;;;;;total;677.3;;;;;;;;;;;;;;;;;;;;;;;;;;;;;;;;;;;;;;;;;;;;;;;;;;;;;;;;;;;;;;;;;;;;;;;;;;;;
;;;;;;;;;;;;;;;;;;;;;;;;;;;;;;;;;;;;;;;;;;;;;;;;;;;;;;;;;;;;;;;;;;;;;;;;;;;;;;;;;;;;;;;;
;;;;;;;;;;;;;;;;;;;;;;;;;;;;;;;;;;;;;;;;;;;;;;;;;;;;;;;;;;;;;;;;;;;;;;;;;;;;;;;;;;;;;;;;
;;;;;;;;;;;;;;;;;;;;;;;;;;;;;;;;;;;;;;;;;;;;;;;;;;;;;;;;;;;;;;;;;;;;;;;;;;;;;;;;;;;;;;;;
;;;;;;;;;;;;;;;;;;;;;;;;;;;;;;;;;;;;;;;;;;;;;;;;;;;;;;;;;;;;;;;;;;;;;;;;;;;;;;;;;;;;;;;;
;;;;;;;;;;;;;;;;;;;;;;;;;;;;;;;;;;;;;;;;;;;;;;;;;;;;;;;;;;;;;;;;;;;;;;;;;;;;;;;;;;;;;;;;
;;;;;;;;;;;;;;;;;;;;;;;;;;;;;;;;;;;;;;;;;;;;;;;;;;;;;;;;;;;;;;;;;;;;;;;;;;;;;;;;;;;;;;;;
;;;;;;;;;;;;;;;;;;;;;;;;;;;;;;;;;;;;;;;;;;;;;;;;;;;;;;;;;;;;;;;;;;;;;;;;;;;;;;;;;;;;;;;;
;;;;;;;;;;;;;;;;;;;;;;;;;;;;;;;;;;;;;;;;;;;;;;;;;;;;;;;;;;;;;;;;;;;;;;;;;;;;;;;;;;;;;;;;
;;;;;;;;;;;;;;;;;;;;;;;;;;;;;;;;;;;;;;;;;;;;;;;;;;;;;;;;;;;;;;;;;;;;;;;;;;;;;;;;;;;;;;;;
;;;;;;;;;;;;;;;;;;;;;;;;;;;;;;;;;;;;;;;;;;;;;;;;;;;;;;;;;;;;;;;;;;;;;;;;;;;;;;;;;;;;;;;;
;;;;;;;;;;;;;;;;;;;;;;;;;;;;;;;;;;;;;;;;;;;;;;;;;;;;;;;;;;;;;;;;;;;;;;;;;;;;;;;;;;;;;;;;
;;;;;;;;;;;;;;;;;;;;;;;;;;;;;;;;;;;;;;;;;;;;;;;;;;;;;;;;;;;;;;;;;;;;;;;;;;;;;;;;;;;;;;;;
;;;;;;;;;;;;;;;;;;;;;;;;;;;;;;;;;;;;;;;;;;;;;;;;;;;;;;;;;;;;;;;;;;;;;;;;;;;;;;;;;;;;;;;;
;;;;;;;;;;;;;;;;;;;;;;;;;;;;;;;;;;;;;;;;;;;;;;;;;;;;;;;;;;;;;;;;;;;;;;;;;;;;;;;;;;;;;;;;
;;;;;;;;;;;;;;;;;;;;;;;;;;;;;;;;;;;;;;;;;;;;;;;;;;;;;;;;;;;;;;;;;;;;;;;;;;;;;;;;;;;;;;;;
;;;;;;;;;;;;;;;;;;;;;;;;;;;;;;;;;;;;;;;;;;;;;;;;;;;;;;;;;;;;;;;;;;;;;;;;;;;;;;;;;;;;;;;;
;;;;;;;;;;;;;;;;;;;;;;;;;;;;;;;;;;;;;;;;;;;;;;;;;;;;;;;;;;;;;;;;;;;;;;;;;;;;;;;;;;;;;;;;
;;;;;;;;;;;;;;;;;;;;;;;;;;;;;;;;;;;;;;;;;;;;;;;;;;;;;;;;;;;;;;;;;;;;;;;;;;;;;;;;;;;;;;;;
;;;;;;;;;;;;;;;;;;;;;;;;;;;;;;;;;;;;;;;;;;;;;;;;;;;;;;;;;;;;;;;;;;;;;;;;;;;;;;;;;;;;;;;;
;;;;;;;;;;;;;;;;;;;;;;;;;;;;;;;;;;;;;;;;;;;;;;;;;;;;;;;;;;;;;;;;;;;;;;;;;;;;;;;;;;;;;;;;
;;;;;;;;;;;;;;;;;;;;;;;;;;;;;;;;;;;;;;;;;;;;;;;;;;;;;;;;;;;;;;;;;;;;;;;;;;;;;;;;;;;;;;;;
;;;;;;;;;;;;;;;;;;;;;;;;;;;;;;;;;;;;;;;;;;;;;;;;;;;;;;;;;;;;;;;;;;;;;;;;;;;;;;;;;;;;;;;;
;;;;;;;;;;;;;;;;;;;;;;;;;;;;;;;;;;;;;;;;;;;;;;;;;;;;;;;;;;;;;;;;;;;;;;;;;;;;;;;;;;;;;;;;